{
  "Ansi 5 Color" : {
    "Green Component" : 0.72156864404678345,
    "Red Component" : 0.87058824300765991,
    "Blue Component" : 0.52941179275512695
  },
  "Tags" : [
    "mork"
  ],
  "Ansi 12 Color" : {
    "Green Component" : 0.80784314870834351,
    "Red Component" : 0.52941179275512695,
    "Blue Component" : 0.92156863212585449
  },
  "Link Color" : {
    "Red Component" : 0.023,
    "Color Space" : "Calibrated",
    "Blue Component" : 0.67800000000000005,
    "Alpha Component" : 1,
    "Green Component" : 0.27000000000000002
  },
  "Ansi 7 Color" : {
    "Green Component" : 0.66666668653488159,
    "Red Component" : 0.73333334922790527,
    "Blue Component" : 0.60000002384185791
  },
  "Bold Color" : {
    "Green Component" : 1,
    "Red Component" : 1,
    "Blue Component" : 1
  },
  "AWDS Tab Directory" : "",
  "Ansi 9 Color" : {
    "Green Component" : 0.3333333432674408,
    "Red Component" : 0.80000001192092896,
    "Blue Component" : 0.20000000298023224
  },
  "Ansi 8 Color" : {
    "Green Component" : 0.26666668057441711,
    "Red Component" : 0.3333333432674408,
    "Blue Component" : 0.26666668057441711
  },
  "Rows" : 25,
  "Default Bookmark" : "No",
  "Ansi 1 Color" : {
    "Green Component" : 0.36078432202339172,
    "Red Component" : 0.80392158031463623,
    "Blue Component" : 0.36078432202339172
  },
  "AWDS Tab Option" : "No",
  "Cursor Guide Color" : {
    "Red Component" : 0.65000000000000002,
    "Color Space" : "Calibrated",
    "Blue Component" : 1,
    "Alpha Component" : 0.25,
    "Green Component" : 0.91000000000000003
  },
  "Non-ASCII Anti Aliased" : true,
  "Use Bright Bold" : true,
  "Ansi 10 Color" : {
    "Green Component" : 0.66666668653488159,
    "Red Component" : 0.53333336114883423,
    "Blue Component" : 0.13333334028720856
  },
  "Ambiguous Double Width" : false,
  "AWDS Pane Option" : "Recycle",
  "Jobs to Ignore" : [
    "rlogin",
    "ssh",
    "slogin",
    "telnet"
  ],
  "Ansi 15 Color" : {
    "Green Component" : 0.80000001192092896,
    "Red Component" : 0.86666667461395264,
    "Blue Component" : 0.73333334922790527
  },
  "Foreground Color" : {
    "Green Component" : 0.93333333730697632,
    "Red Component" : 0.86666667461395264,
    "Blue Component" : 0.86666667461395264
  },
  "Bound Hosts" : [

  ],
  "Working Directory" : "\/Users\/markkoh",
  "Blinking Cursor" : false,
  "AWDS Window Option" : "No",
  "Sync Title" : false,
  "Prompt Before Closing 2" : false,
  "BM Growl" : true,
  "Command" : "",
  "Description" : "Default",
  "AWDS Pane Directory" : "",
  "Smart Cursor Color" : false,
  "Screen" : -1,
  "Selection Color" : {
    "Green Component" : 0.30241936445236206,
    "Red Component" : 0.30241936445236206,
    "Blue Component" : 0.30241936445236206
  },
  "Disable Window Resizing" : true,
  "AWDS Window Directory" : "",
  "Columns" : 120,
  "Idle Code" : 0,
  "Mouse Reporting" : true,
  "Ansi 13 Color" : {
    "Green Component" : 0.40000000596046448,
    "Red Component" : 0.60000002384185791,
    "Blue Component" : 0
  },
  "Custom Command" : "No",
  "ASCII Anti Aliased" : true,
  "Non Ascii Font" : "Monaco 12",
  "Vertical Spacing" : 1,
  "Use Bold Font" : true,
  "Option Key Sends" : 0,
  "Selected Text Color" : {
    "Green Component" : 1,
    "Red Component" : 1,
    "Blue Component" : 1
  },
  "Background Color" : {
    "Red Component" : 0.04633044451475142,
    "Color Space" : "Calibrated",
    "Blue Component" : 0.046329844743013382,
    "Alpha Component" : 1,
    "Green Component" : 0.04632906615734099
  },
  "Character Encoding" : 4,
  "Ansi 11 Color" : {
    "Green Component" : 0.65490198135375977,
    "Red Component" : 1,
    "Blue Component" : 0.364705890417099
  },
  "Use Italic Font" : true,
  "Unlimited Scrollback" : false,
  "Keyboard Map" : {
    "0xf700-0x260000" : {
      "Text" : "[1;6A",
      "Action" : 10
    },
    "0x37-0x40000" : {
      "Text" : "0x1f",
      "Action" : 11
    },
    "0x32-0x40000" : {
      "Text" : "0x00",
      "Action" : 11
    },
    "0xf709-0x20000" : {
      "Text" : "[17;2~",
      "Action" : 10
    },
    "0xf70c-0x20000" : {
      "Text" : "[20;2~",
      "Action" : 10
    },
    "0xf729-0x20000" : {
      "Text" : "[1;2H",
      "Action" : 10
    },
    "0xf72b-0x40000" : {
      "Text" : "[1;5F",
      "Action" : 10
    },
    "0xf705-0x20000" : {
      "Text" : "[1;2Q",
      "Action" : 10
    },
    "0xf703-0x260000" : {
      "Text" : "0x05",
      "Action" : 11
    },
    "0xf700-0x220000" : {
      "Text" : "[1;2A",
      "Action" : 10
    },
    "0xf701-0x280000" : {
      "Text" : "0x1b 0x1b 0x5b 0x42",
      "Action" : 11
    },
    "0x38-0x40000" : {
      "Text" : "0x7f",
      "Action" : 11
    },
    "0x33-0x40000" : {
      "Text" : "0x1b",
      "Action" : 11
    },
    "0xf703-0x220000" : {
      "Text" : "[1;2C",
      "Action" : 10
    },
    "0xf701-0x240000" : {
      "Text" : "[1;5B",
      "Action" : 10
    },
    "0xf70d-0x20000" : {
      "Text" : "[21;2~",
      "Action" : 10
    },
    "0xf702-0x260000" : {
      "Text" : "0x01",
      "Action" : 11
    },
    "0xf729-0x40000" : {
      "Text" : "[1;5H",
      "Action" : 10
    },
    "0xf706-0x20000" : {
      "Text" : "[1;2R",
      "Action" : 10
    },
    "0x34-0x40000" : {
      "Text" : "0x1c",
      "Action" : 11
    },
    "0xf700-0x280000" : {
      "Text" : "0x1b 0x1b 0x5b 0x41",
      "Action" : 11
    },
    "0x2d-0x40000" : {
      "Text" : "0x1f",
      "Action" : 11
    },
    "0xf70e-0x20000" : {
      "Text" : "[23;2~",
      "Action" : 10
    },
    "0xf702-0x220000" : {
      "Text" : "[1;2D",
      "Action" : 10
    },
    "0xf703-0x280000" : {
      "Text" : "f",
      "Action" : 10
    },
    "0xf700-0x240000" : {
      "Text" : "[1;5A",
      "Action" : 10
    },
    "0xf707-0x20000" : {
      "Text" : "[1;2S",
      "Action" : 10
    },
    "0xf70a-0x20000" : {
      "Text" : "[18;2~",
      "Action" : 10
    },
    "0x35-0x40000" : {
      "Text" : "0x1d",
      "Action" : 11
    },
    "0xf70f-0x20000" : {
      "Text" : "[24;2~",
      "Action" : 10
    },
    "0xf703-0x240000" : {
      "Text" : "f",
      "Action" : 10
    },
    "0xf701-0x260000" : {
      "Text" : "[1;6B",
      "Action" : 10
    },
    "0xf702-0x280000" : {
      "Text" : "b",
      "Action" : 10
    },
    "0xf72b-0x20000" : {
      "Text" : "[1;2F",
      "Action" : 10
    },
    "0x36-0x40000" : {
      "Text" : "0x1e",
      "Action" : 11
    },
    "0xf708-0x20000" : {
      "Text" : "[15;2~",
      "Action" : 10
    },
    "0xf701-0x220000" : {
      "Text" : "[1;2B",
      "Action" : 10
    },
    "0xf70b-0x20000" : {
      "Text" : "[19;2~",
      "Action" : 10
    },
    "0xf704-0x20000" : {
      "Text" : "[1;2P",
      "Action" : 10
    }
  },
  "Cursor Boost" : 0,
  "Blur Radius" : 0.78572716346153848,
  "Window Type" : 0,
  "Background Image Location" : "",
  "Blur" : false,
  "Badge Color" : {
    "Red Component" : 1,
    "Color Space" : "Calibrated",
    "Blue Component" : 0,
    "Alpha Component" : 0.5,
    "Green Component" : 0
  },
  "Scrollback Lines" : 100000,
  "Send Code When Idle" : false,
  "Close Sessions On End" : true,
  "Terminal Type" : "xterm-256color",
  "Visual Bell" : true,
  "Flashing Bell" : false,
  "Silence Bell" : false,
  "Ansi 14 Color" : {
    "Green Component" : 0.76862746477127075,
    "Red Component" : 0.69019609689712524,
    "Blue Component" : 0.87058824300765991
  },
  "Cursor Text Color" : {
    "Green Component" : 0,
    "Red Component" : 0,
    "Blue Component" : 0
  },
  "Name" : "Mark's Profile",
  "Shortcut" : "0",
  "Cursor Color" : {
    "Green Component" : 0.73333334922790527,
    "Red Component" : 0.88627451658248901,
    "Blue Component" : 0.93725490570068359
  },
  "Transparency" : 0.10480306952662721,
  "Guid" : "66ED2540-98DF-4303-91FE-CB4E4C374210",
  "Horizontal Spacing" : 1,
  "Ansi 3 Color" : {
    "Green Component" : 0.68235296010971069,
    "Red Component" : 0.90980392694473267,